<?xml version="1.0" encoding="UTF-8"?>
<project-private xmlns="http://www.netbeans.org/ns/project-private/1">
    <editor-bookmarks xmlns="http://www.netbeans.org/ns/editor-bookmarks/2" lastBookmarkId="1">
        <file>
            <url>src/Modelo/Musica.java</url>
            <bookmark id="1">
                <name/>
                <line>71</line>
                <key/>
            </bookmark>
        </file>
    </editor-bookmarks>
    <open-files xmlns="http://www.netbeans.org/ns/projectui-open-files/2">
        <group>
            <file>file:/C:/Users/Artur/Documents/NetBeansProjects/LojaCDS/src/Visao/Excluir/DesPromocaoCD.java</file>
            <file>file:/C:/Users/Artur/Documents/NetBeansProjects/LojaCDS/src/Principal/Menu.java</file>
        </group>
    </open-files>
</project-private>
